{
  "data": [
    {
      "iProductModalId": 1,
      "sProductName": "Missile",
      "sProductFeature": "High Performance Straw-Grade Expanding PU Foam",
      "sProductPrice": "250",
      "sProductPoints": "225",
      "sProductWeight": "500",
      "isDiscount": true,
      "sDiscountName": "Season Discounts (10%)",
      "GSTPerc": 18,
      "CGST": 9,
      "SGST": 9,
      "sDiscountPrice": "10"
    },
    {
      "iProductModalId": 2,
      "sProductName": "Soudafoam PRO",
      "sProductFeature":"High Performance Gun-Grade Expanding PU Foam",
      "sProductPrice":"200.5",
      "sProductPoints":"300",
      "sProductWeight":"500",
      "isDiscount":true,
      "sDiscountName":"Season Discounts (20%)",
      "GSTPerc":18,
      "CGST":9,
      "SGST":9,
      "sDiscountPrice":"20"

    },
    {
      "iProductModalId": 3,
      "sProductName": "Soudafoam FR",
      "sProductFeature":"High Performance Straw-Grade Expanding PU Foam",
      "sProductPrice":"800.0",
      "sProductPoints":"300",
      "sProductWeight":"20",
      "isDiscount":false,
      "sDiscountName":"",
      "GSTPerc":18,
      "CGST":9,
      "SGST":9,
      "sDiscountPrice":""

    },
    {
      "iProductModalId": 4,
      "sProductName": "Soudafoam 1K",
      "sProductFeature":"High Performance Gun-Grade Expanding PU Foam",
      "sProductPrice":"600",
      "sProductPoints":"300",
      "sProductWeight":"50",
      "isDiscount":true,
      "sDiscountName":"Season Discounts (20%)",
      "GSTPerc":18,
      "CGST":9,
      "SGST":9,
      "sDiscountPrice":"20"

    },
    {
      "iProductModalId": 5,
      "sProductName": "Soudafoam FR",
      "sProductFeature":"High Performance Straw-Grade Expanding PU Foam",
      "sProductPrice":"700",
      "sProductPoints":"300",
      "sProductWeight":"55",
      "isDiscount":true,
      "sDiscountName":"Season Discounts (50%)",
      "GSTPerc":18,
      "CGST":9,
      "SGST":9,
      "sDiscountPrice":"50"

    },
    {
      "iProductModalId": 6,
      "sProductName": "Soudafoam PRO",
      "sProductFeature":"High Performance Gun-Grade Expanding PU Foam",
      "sProductPrice":"300",
      "sProductPoints":"300",
      "sProductWeight":"5000",
      "isDiscount":true,
      "sDiscountName":"Season Discounts (25%)",
      "GSTPerc":18,
      "CGST":9,
      "SGST":9,
      "sDiscountPrice":"25"

    },
    {
      "iProductModalId": 7,
      "sProductName": "Soudafoam 2K",
      "sProductFeature":"High Performance Straw-Grade Expanding PU Foam",
      "sProductPrice":"800",
      "sProductPoints":"800",
      "sProductWeight":"200",
      "isDiscount":true,
      "sDiscountName":"Season Discounts (20%)",
      "GSTPerc":18,
      "CGST":9,
      "SGST":9,
      "sDiscountPrice":"20"

    }
  ]
}