{
  "info": [
    {
      "section": "McCoy Soudal",
      "sectionProduct":"PU foam, Sealants & Adhensives",
      "sectionItems": [
        {
          "productId": 1,
          "productName": "Friction Stay",
          "productUrl": ""
        },
        {
          "productId": 2,
          "productName": "Window Solution",
          "productUrl": ""
        },
        {
          "productId": 3,
          "productName": "Chain System",
          "productUrl": ""
        },
        {
          "productId": 4,
          "productName": "uPVC Range",
          "productUrl": ""
        },
        {
          "productId": 5,
          "productName": "Door Frame Solutions",
          "productUrl": ""
        },
        {
          "productId": 6,
          "productName": "Aluminium Range Products",
          "productUrl": ""
        },
        {
          "productId": 7,
          "productName": "Mirror Bond Solutions",
          "productUrl": ""
        }
      ]
    },
    {
      "section": "McCoy 8m",
      "sectionProduct":"Building Door Windows Hardware",
      "sectionItems": [
        {
          "productId": 1,
          "productName": "Aluminium Range Products",
          "productUrl": ""
        },
        {
          "productId": 2,
          "productName": "Friction Stay",
          "productUrl": ""
        },
        {
          "productId": 3,
          "productName": "Mirror Bond Solutions",
          "productUrl": ""
        },
        {
          "productId": 4,
          "productName": "uPVC Range",
          "productUrl": ""
        },
        {
          "productId": 5,
          "productName": "Door Frame Solutions",
          "productUrl": ""
        },
        {
          "productId": 6,
          "productName": "Window Solution",
          "productUrl": ""
        },
        {
          "productId": 7,
          "productName": "Chain System",
          "productUrl": ""
        }
      ]
    },
    {
      "section": "McCoy Fly Screen",
      "sectionProduct":"Protect your family with McCoy fly screen",
      "sectionItems": [
        {
          "productId": 1,
          "productName": "uPVC Range",
          "productUrl": ""
        },
        {
          "productId": 2,
          "productName": "Window Solution",
          "productUrl": ""
        },
        {
          "productId": 3,
          "productName": "Mirror Bond Solutions",
          "productUrl": ""
        },
        {
          "productId": 4,
          "productName": "Door Frame Solutions",
          "productUrl": ""
        },
        {
          "productId": 5,
          "productName": "Chain System",
          "productUrl": ""
        },
        {
          "productId": 6,
          "productName": "Friction Stay",
          "productUrl": ""
        },
        {
          "productId": 7,
          "productName": "Aluminium Range Products",
          "productUrl": ""
        }
      ]
    }
  ]
}
