{
  "data": [
    {
      "iProductModalId": 1,
      "sProductName": "Door Frame Solutions"
    },
    {
      "iProductModalId": 1,
      "sProductName": "Window Solution"
    },
    {
      "iProductModalId": 1,
      "sProductName": "Mirror Bond Solutions"
    },
    {
      "iProductModalId": 1,
      "sProductName": "uPVC Range"
    },
    {
      "iProductModalId": 1,
      "sProductName": "Aluminium Range Products"
    },
    {
      "iProductModalId": 1,
      "sProductName": "Friction Stay"
    },
    {
      "iProductModalId": 1,
      "sProductName": "Chain System"
    }
  ]
}