{
  "data": [
    {
      "iProductModalId": 1,
      "sProductName": "Soudafoam 1K",
      "sProductFeature":"High Performance Straw-Grade Expanding PU Foam",
      "sProductPrice":"\u20B9 500"
    },
    {
      "iProductModalId": 1,
      "sProductName": "Soudafoam PRO",
      "sProductFeature":"High Performance Gun-Grade Expanding PU Foam",
      "sProductPrice":"\u20B9 200"
    },
    {
      "iProductModalId": 1,
      "sProductName": "Soudafoam FR",
      "sProductFeature":"High Performance Straw-Grade Expanding PU Foam",
      "sProductPrice":"\u20B9 800"
    },
    {
      "iProductModalId": 1,
      "sProductName": "Soudafoam 1K",
      "sProductFeature":"High Performance Gun-Grade Expanding PU Foam",
      "sProductPrice":"\u20B9 500"
    },
    {
      "iProductModalId": 1,
      "sProductName": "Soudafoam FR",
      "sProductFeature":"High Performance Straw-Grade Expanding PU Foam",
      "sProductPrice":"\u20B9 700"
    },
    {
      "iProductModalId": 1,
      "sProductName": "Soudafoam PRO",
      "sProductFeature":"High Performance Gun-Grade Expanding PU Foam",
      "sProductPrice":"\u20B9 300"
    },
    {
      "iProductModalId": 1,
      "sProductName": "Soudafoam 2K",
      "sProductFeature":"High Performance Straw-Grade Expanding PU Foam",
      "sProductPrice":"\u20B9 800"
    }
  ]
}