{
  "customer": [
    {
      "customerID": 1,
      "customer_name": "Ram Verma",
      "customer_points":"225",
      "customer_phone":"9876543210",
      "customer_email":"ram.verma@xyz.com",
      "customer_bday":"28th Feb",
      "customer_address":{
        "address":"4216, Sector 44",
        "state":"Haryana",
        "city":"Gurgaon",
        "pin":"122018"
      },
      "last_billing": {
        "last_billing_date":"15-Jan-18",
        "last_billing_amount":"3500",
        "suggestion": {
          "is_suggestion": true,
          "suggestion": "Trizole was out of stock on last billing. It’s now available."
        }
      },
      "recent_orders":[
        {
          "from_store_name":"Store 1",
          "store_city":"Gurgaon",
          "store_state":"Haryana",
          "bill_date":"15-Jan-18",
          "bill_price":"3700"
        }
      ]


    },
    {
      "customerID": 2,
      "customer_name": "Sanjay Mishra",
      "customer_points":"300",
      "customer_phone":"9976543210",
      "customer_email":"sanjay.mishra@xyz.com",
      "customer_bday":"28th Feb",
      "customer_address":{
        "address":"46, Sector 4",
        "state":"Haryana",
        "city":"Gurgaon",
        "pin":"122018"
      },
      "last_billing": {
        "last_billing_date":"15-Jan-18",
        "last_billing_amount":"3500",
        "suggestion": {
          "is_suggestion": true,
          "suggestion": "Trizole was out of stock on last billing. It’s now available."
        }
      },
      "recent_orders":[
        {
          "from_store_name":"Store 1",
          "store_city":"Gurgaon",
          "store_state":"Haryana",
          "bill_date":"15-Jan-18",
          "bill_price":"3700"
        }
      ]

    },
    {
      "customerID": 3,
      "customer_name": "Deepak Vijay",
      "customer_points":"300",
      "customer_phone":"9886543210",
      "customer_email":"deepak.vijay@xyz.com",
      "customer_bday":"28th Feb",
      "customer_address":{
        "address":"4, Sector 2",
        "state":"Delhi",
        "city":"New Delhi",
        "pin":"110018"
      },
      "last_billing": {
        "last_billing_date":"15-Jan-18",
        "last_billing_amount":"3500",
        "suggestion": {
          "is_suggestion": true,
          "suggestion": "Trizole was out of stock on last billing. It’s now available."
        }
      },
      "recent_orders":[
        {
          "from_store_name":"Store 1",
          "store_city":"Gurgaon",
          "store_state":"Haryana",
          "bill_date":"15-Jan-18",
          "bill_price":"3700"
        }
      ]

    },
    {
      "customerID": 4,
      "customer_name": "Aditya Sharma",
      "customer_points":"300",
      "customer_phone":"9877543210",
      "customer_email":"aditya.sharma@xyz.com",
      "customer_bday":"28th Feb",
      "customer_address":{
        "address":"223, Sector 12",
        "state":"Haryana",
        "city":"Gurgaon",
        "pin":"122015"
      },
      "last_billing": {
        "last_billing_date":"15-Jan-18",
        "last_billing_amount":"3500",
        "suggestion": {
          "is_suggestion": true,
          "suggestion": "Trizole was out of stock on last billing. It’s now available."
        }
      },
      "recent_orders":[
        {
          "from_store_name":"Store 1",
          "store_city":"Gurgaon",
          "store_state":"Haryana",
          "bill_date":"15-Jan-18",
          "bill_price":"3700"
        }
      ]

    },
    {
      "customerID": 5,
      "customer_name": "Vikas Arya",
      "customer_points":"300",
      "customer_phone":"9876643210",
      "customer_email":"vikas.arya@xyz.com",
      "customer_bday":"28th Feb",
      "customer_address":{
        "address":"16, Sector 98",
        "state":"Haryana",
        "city":"Gurgaon",
        "pin":"122001"
      },
      "last_billing": {
        "last_billing_date":"15-Jan-18",
        "last_billing_amount":"3500",
        "suggestion": {
          "is_suggestion": true,
          "suggestion": "Trizole was out of stock on last billing. It’s now available."
        }
      },
      "recent_orders":[
        {
          "from_store_name":"Store 1",
          "store_city":"Gurgaon",
          "store_state":"Haryana",
          "bill_date":"15-Jan-18",
          "bill_price":"3700"
        }
      ]

    },
    {
      "customerID": 6,
      "customer_name": "Shweta Yadav",
      "customer_points":"300",
      "customer_phone":"9876553210",
      "customer_email":"shweta.yadav@xyz.com",
      "customer_bday":"28th Feb",
      "customer_address":{
        "address":"116, Sector 1",
        "state":"Delhi",
        "city":"New Delhi",
        "pin":"110017"
      },
      "last_billing": {
        "last_billing_date":"15-Jan-18",
        "last_billing_amount":"3500",
        "suggestion": {
          "is_suggestion": true,
          "suggestion": "Trizole was out of stock on last billing. It’s now available."
        }
      },
      "recent_orders":[
        {
          "from_store_name":"Store 1",
          "store_city":"Gurgaon",
          "store_state":"Haryana",
          "bill_date":"15-Jan-18",
          "bill_price":"3700"
        }
      ]


    },
    {
      "customerID": 7,
      "customer_name": "Rahul Sharma",
      "customer_points":"800",
      "customer_phone":"9876544210",
      "customer_email":"rahul.sharma@xyz.com",
      "customer_bday":"28th Feb",
      "customer_address":{
        "address":"6, Sector 12",
        "state":"Haryana",
        "city":"Gurgaon",
        "pin":"122014"
      },
      "last_billing": {
        "last_billing_date":"15-Jan-18",
        "last_billing_amount":"3500",
        "suggestion": {
          "is_suggestion": true,
          "suggestion": "Trizole was out of stock on last billing. It’s now available."
        }
      },
      "recent_orders":[
        {
          "from_store_name":"Store 1",
          "store_city":"Gurgaon",
          "store_state":"Haryana",
          "bill_date":"15-Jan-18",
          "bill_price":"3700"
        }
      ]

    }
  ]
}