[{"poIncoDetail": "Loading", "poPayBySender": true, "poPayByReceiver": false, "poPayAmount": 999.0000}, {"poIncoDetail": "Shipping", "poPayBySender": true, "poPayByReceiver": false, "poPayAmount": 9999.0000}, {"poIncoDetail": "Unload", "poPayBySender": true, "poPayByReceiver": false, "poPayAmount": 999.0000}, {"poIncoDetail": "Toll", "poPayBySender": true, "poPayByReceiver": false, "poPayAmount": 999.0000}, {"poIncoDetail": "E-Way Bill", "poPayBySender": true, "poPayByReceiver": false, "poPayAmount": 999.0000},{"poIncoDetail": "Unload 1", "poPayBySender": false, "poPayByReceiver": true, "poPayAmount": 999.0000}]